_id/$oid,nombre,categoria,marca,presentacion,id
5cbc69be7af152186c0cd784,Aceite de Girasol Cañuelas 1.5 Lt,Aceite,CAÑUELAS,1.5 lt,7792180001665
5cbc69be7af152186c0cd783,Aceite de Girasol Cañuelas 900 Cc,Aceite,CAÑUELAS,900.0 cc,7792180001641
5cbc69be7af152186c0cd54d,Aceite de Girasol Cocinero 1.5 Lt,Aceite,COCINERO,1.5 lt,7790060023684
5cbc69be7af152186c0cd552,Aceite de Girasol Cocinero 900 Ml,Aceite,COCINERO,900.0 ml,7790070012050
5cbc69be7af152186c0cd5e4,Aceite de Girasol Natura 1.5 Lt,Aceite,NATURA,1.5 lt,7790272001029
5cbc69be7af152186c0cd5e5,Aceite de Girasol Natura 500 Ml,Aceite,NATURA,500.0 ml,7790272001050
5cbc69be7af152186c0cd5e3,Aceite de Girasol Natura 900 Ml,Aceite,NATURA,900.0 ml,7790272001005
5cbc69be7af152186c0cd5e0,Aceite de Maiz Mazola 900 Ml,Aceite,MAZOLA,900.0 ml,7790272000794
5cbc69be7af152186c0cd5df,Aceite Mezcla Girasol y Oliva Blend Natura 900 Ml,Aceite,NATURA,900.0 ml,7790272000046
5cbc69be7af152186c0cd55b,Aceite Rocio Vegetal Clasico Aerosol Cocinero 120 Gr,Aceite,COCINERO,120.0 gr,7790070228666
5cbc69be7af152186c0cd5e1,Aceite Rocio Vegetal Girasol en Aerosol Natura 120 Cc,Aceite,NATURA,126.0 cc,7790272000831
5cbc69be7af152186c0cd54c,Aceite de Oliva Comestible Cocinero 500 Ml,Aceite de oliva,COCINERO,500.0 ml,7790060009329
5cbc69be7af152186c0cd5e2,Aceite de Oliva Extra Virgen Seleccion Especial Natura 500 Ml,Aceite de oliva,NATURA,500.0 ml,7790272000961
5cbc69be7af152186c0cd813,Ketchup con Tomate Hellmanns 250 Gr,Aderezos,HELLMANN'S,250.0 gr,7794000960275
5cbc69be7af152186c0cd812,Ketchup con Tomate Hellmanns 500 Gr,Aderezos,HELLMANN'S,500.0 gr,7794000960244
5cbc69be7af152186c0cd76e,Ketchup Natura 250 Gr,Aderezos,NATURA,250.0 gr,7791866000381
5cbc69be7af152186c0cd772,Mayonesa con Aceite de Oliva Mayoliva 227 Gr,Aderezos,MAYOLIVA,237.0 gr,7791866003283
5cbc69be7af152186c0cd80f,Mayonesa Doypack Hellmann's 237 Gr,Aderezos,HELLMANN'S,237.0 gr,7794000960107
5cbc69be7af152186c0cd80e,Mayonesa Doypack Hellmann's 475 Gr,Aderezos,HELLMANN'S,475.0 gr,7794000960091
5cbc69be7af152186c0cd76f,Mayonesa Doypack Natura 237 Gr,Aderezos,NATURA,237.0 gr,7791866001203
5cbc69be7af152186c0cd771,Mayonesa Doypack Natura 500 Ml,Aderezos,NATURA,500.0 ml,7791866001364
5cbc69be7af152186c0cd770,Mayonesa Doypack Natura 950 Gr,Aderezos,NATURA,950.0 gr,7791866001357
5cbc69be7af152186c0cd7d0,Mayonesa Light Doypack BC La Campagnola 500 Gr,Aderezos,BC,475.0 gr,7793360674105
5cbc69be7af152186c0cd811,Mayonesa Light Doypack Hellmanns 237 Gr,Aderezos,HELLMANN'S,237.0 gr,7794000960145
5cbc69be7af152186c0cd810,Mayonesa Light Doypack Hellmanns 475 Gr,Aderezos,HELLMANN'S,475.0 gr,7794000960138
5cbc69be7af152186c0cd773,Mostaza Doypack Natura 250 Gr,Aderezos,NATURA,250.0 gr,7791866004211
5cbc69be7af152186c0cd815,Mostaza Original Doypack Savora 250 Gr,Aderezos,SAVORA,250.0 gr,7794000960435
5cbc69be7af152186c0cd814,Salsa Golf sin TACC Hellmanns 250 Gr,Aderezos,HELLMANN'S,250.0 gr,7794000960329
5cbc69be7af152186c0cd5b0,Vinagre de Alcohol Menoyo 1 Lt,Aderezos,MENOYO,1.0 lt,7790130000058
5cbc69be7af152186c0cd5af,Vinagre de Alcohol Menoyo 500 Cc,Aderezos,MENOYO,500.0 cc,7790130000034
5cbc69be7af152186c0cd5ae,Vinagre de Manzana Menoyo 500 Cc,Aderezos,MENOYO,500.0 cc,7790130000027
5cbc69be7af152186c0cd5b1,Vinagre de Vino Menoyo 500 Cc,Aderezos,MENOYO,500.0 cc,7790130000065
5cbc69be7af152186c0cd83c,Agua Mineral con Gas Villavicencio 1.5 Lt,Agua,VILLAVICENCIO,1.5 lt,7798062547788
5cbc69be7af152186c0cd5f5,Agua Mineral sin Gas Bajo Sodio Ser 1.5 Lt,Agua,SER,1.5 lt,7790315058706
5cbc69be7af152186c0cd692,Agua Mineral sin Gas Bonaqua 1.5 Lt,Agua,BONAQUA,1.5 lt,7790895003875
5cbc69be7af152186c0cd691,Agua Mineral sin Gas Bonaqua 500 Cc,Agua,BONAQUA,500.0 cc,7790895003868
5cbc69be7af152186c0cd7a7,Agua Mineral sin Gas Eco de Los Andes 500 Cc,Agua,ECO DE LOS ANDES,500.0 cc,7792799000011
5cbc69be7af152186c0cd6a0,Agua Mineral sin Gas en Bidon Kin 6 Lt,Agua,KIN,6.0 lt,7790895009679
5cbc69be7af152186c0cd7a8,Agua Mineral sin Gas en Bidon Nestle 6.3 Lt,Agua,NESTLÉ,6.3 lt,7792799001032
5cbc69be7af152186c0cd837,Agua Mineral sin Gas en Bidon Villa del Sur 6.25 Lt,Agua,VILLA DEL SUR,6.25 lt,7798062541397
5cbc69be7af152186c0cd681,Agua Mineral sin Gas Kin 500 Cc,Agua,KIN,500.0 cc,7790895000201
5cbc69be7af152186c0cd83b,Agua Mineral sin Gas Villa del Sur 2.25 Lt,Agua,VILLA DEL SUR,2.25 lt,7798062547559
5cbc69be7af152186c0cd5ef,Agua Mineral sin Gas Villavicencio 1.5 Lt,Agua,VILLAVICENCIO,1.5 lt,7790315000439
5cbc69be7af152186c0cd5ee,Agua Mineral sin Gas Villavicencio 2 Lt,Agua,VILLAVICENCIO,2.0 lt,7790315000422
5cbc69be7af152186c0cd5f0,Agua Mineral sin Gas Villavicencio 500 Cc,Agua,VILLAVICENCIO,500.0 cc,7790315000446
5cbc69be7af152186c0cd7b5,Agua Mineralizada sin Gas Glaciar 1.5 Lt,Agua,GLACIAR,1.5 lt,7792931000022
5cbc69be7af152186c0cd7b6,Agua Mineralizada sin Gas Glaciar 2 Lt,Agua,GLACIAR,2.0 lt,7792931000039
5cbc69be7af152186c0cd586,Arroz Carnaroli Risotto Primavera Gallo 200 Gr,Arroz,GALLO,200.0 gr,7790070411761
5cbc69be7af152186c0cd584,Arroz Doble Carolina Gallo 1 Kg,Arroz,GALLO,1.0 kg,7790070411723
5cbc69be7af152186c0cd583,Arroz Gallo Oro 1 Kg,Arroz,GALLO,1.0 kg,7790070411716
5cbc69be7af152186c0cd6d5,Arroz Largo Fino 00000 en Bolsa Molinos Ala 1 Kg,Arroz,MOLINOS ALA,1.0 kg,7791120031557
5cbc69be7af152186c0cd57a,Arroz Largo Fino en Bolsa Lucchetti 1 Kg,Arroz,LUCCHETTI,1.0 kg,7790070410603
5cbc69be7af152186c0cd587,Arroz Parbolizado Lucchetti 1 Kg,Arroz,LUCCHETTI,1.0 kg,7790070411815
5cbc69be7af152186c0cd588,Arroz Parbolizado Lucchetti 500 Gr,Arroz,LUCCHETTI,500.0 gr,7790070411822
5cbc69be7af152186c0cd574,Vitina Lucchetti 540 Gr,Bebes y niños,VITINA,540.0 gr,7790070318879
5cbc69be7af152186c0cd824,Leche Infantil Nutrilon Profutura Premium 1 200 Ml,Bebes y niños,NUTRILÓN,200.0 ml,7795323002468
5cbc69be7af152186c0cd825,Leche Infantil Nutrilon Profutura Premium 2 200 Ml,Bebes y niños,NUTRILÓN,200.0 ml,7795323002475
5cbc69be7af152186c0cd826,Leche Infantil Nutrilon Profutura Premium 3 200 Ml,Bebes y niños,NUTRILÓN,200.0 ml,7795323002482
5cbc69be7af152186c0cd859,Leche Infantil Sancor Bebe 4 1 Lt,Bebes y niños,SANCOR,1.0 lt,7798176001077
5cbc69be7af152186c0cd854,Leche Infantil Sancor EnfaBebe Premium 2 200 Ml,Bebes y niños,SANCOR,200.0 ml,7798176000599
5cbc69be7af152186c0cd855,Leche Infantil UAT Larga Vida Nutricion Completa Sancor Bebe 1 200 Ml,Bebes y niños,SANCOR,200.0 ml,7798176000841
5cbc69be7af152186c0cd858,Leche Infantil UAT Larga Vida Nutricion Completa Sancor Bebe 1 500 Ml,Bebes y niños,SANCOR,500.0 ml,7798176000872
5cbc69be7af152186c0cd856,Leche Infantil UAT Larga Vida Nutricion Completa Sancor Bebe 2 200 Ml,Bebes y niños,SANCOR,200.0 ml,7798176000858
5cbc69be7af152186c0cd852,Leche Infantil UAT Larga Vida Nutricion Completa Sancor Bebe 3 1 Lt,Bebes y niños,SANCOR,1.0 lt,7798176000384
5cbc69be7af152186c0cd857,Leche Infantil UAT Larga Vida Nutricion Completa Sancor Bebe 3 200 Cc,Bebes y niños,SANCOR,200.0 cc,7798176000865
5cbc69be7af152186c0cd853,Leche Sancor EnfaBebe Premium 1 200 Ml,Bebes y niños,SANCOR,200.0 ml,7798176000582
5cbc69be7af152186c0cd81d,Pañal G Active Sec Huggies 24 Un,Bebes y niños,HUGGIES,24.0 un,7794626008832
5cbc69be7af152186c0cd4b5,Pañal G Confort Sec Pampers 22 Un,Bebes y niños,PAMPERS,22.0 un,7500435112758
5cbc69be7af152186c0cd4b4,Pañal M Confort Sec Pampers 26 Un,Bebes y niños,PAMPERS,26.0 un,7500435112741
5cbc69be7af152186c0cd4b3,Pañal P Confort Sec Pampers 30 Un,Bebes y niños,PAMPERS,30.0 un,7500435112734
5cbc69be7af152186c0cd4b6,Pañal XG Confort Sec Pampers 18 Un,Bebes y niños,PAMPERS,18.0 un,7500435112765
5cbc69be7af152186c0cd81a,Toallitas Humedas Clasico y Cotidiano Huggies 48 Un,Bebes y niños,HUGGIES,48.0 un,7794626007170
5cbc69be7af152186c0cd85d,Toallitas Humedas Extra Cuidado Johnsons Baby 96 Un,Bebes y niños,JOHNSON'S,96.0 un,7891010589615
5cbc69be7af152186c0cd81c,Toallitas Humedas Limpieza Humectante Huggies 48 Un,Bebes y niños,HUGGIES,48.0 un,7794626007248
5cbc69be7af152186c0cd81b,Toallitas Humedas Puro y Natural Huggies 48 Un,Bebes y niños,HUGGIES,48.0 un,7794626007217
5cbc69be7af152186c0cd851,Aperitivo Americano Cinzano Rosso 950 Ml,Bebidas con alcohol,CINZANO,950.0 ml,7798131200828
5cbc69be7af152186c0cd6bb,Aperitivo Americano Gancia 450 Cc,Bebidas con alcohol,GANCIA,450.0 cc,7790950000191
5cbc69be7af152186c0cd6ba,Aperitivo Americano Gancia 950 Cc,Bebidas con alcohol,GANCIA,950.0 cc,7790950000160
5cbc69be7af152186c0cd863,Aperitivo Bitter Campari 750 Ml,Bebidas con alcohol,CAMPARI,750.0 ml,7891136052000
5cbc69be7af152186c0cd79b,Aperitivo Granadina Cusenier 750 Ml,Bebidas con alcohol,CUSENIER,750.0 ml,7792410128803
5cbc69be7af152186c0cd6bc,Aperitivo Vodka Dr Lemon 1 Lt,Bebidas con alcohol,DR LEMON,1.0 lt,7790950131918
5cbc69be7af152186c0cd6c7,Aperitivo Vodka Dr Lemon 473 Cc,Bebidas con alcohol,DR LEMON,473.0 cc,7790950202823
5cbc69be7af152186c0cd7a1,Cerveza Negra Quilmes Stout 1 Lt,Bebidas con alcohol,QUILMES,1.0 lt,7792798007400
5cbc69be7af152186c0cd7a2,Cerveza Rubia Bajo Cero Quilmes 1 Lt,Bebidas con alcohol,QUILMES,1.0 lt,7792798007424
5cbc69be7af152186c0cd7a3,Cerveza Rubia Chopp Brahma 1 Lt,Bebidas con alcohol,BRAHMA,1.0 lt,7792798007493
5cbc69be7af152186c0cd486,Cerveza Rubia Corona 335 Cc,Bebidas con alcohol,CORONA,355.0 cc,75032715
5cbc69be7af152186c0cd7a0,Cerveza Rubia Cristal Quilmes 1 Lt,Bebidas con alcohol,QUILMES,1.0 lt,7792798007387
5cbc69be7af152186c0cd7a6,Cerveza Rubia en Lata Quilmes 473 Cc 6 Un,Bebidas con alcohol,QUILMES,473.0 cc,7792798012947
5cbc69be7af152186c0cd7c2,Cerveza Rubia en Lata Schneider 473 Cc,Bebidas con alcohol,SCHNEIDER,473.0 cc,7793147118860
5cbc69be7af152186c0cd7c3,Cerveza Rubia en Lata Schneider 473 Cc 6 Un,Bebidas con alcohol,SCHNEIDER,473.0 cc,7793147118884
5cbc69be7af152186c0cd79d,Cerveza Rubia Iguana 970 Cc,Bebidas con alcohol,IGUANA,970.0 cc,7792798000708
5cbc69be7af152186c0cd827,Cerveza Rubia Isenbeck 970 Cc,Bebidas con alcohol,ISENBECK,970.0 cc,7795697001708
5cbc69be7af152186c0cd7bf,Cerveza Rubia Lager Imperial 1 Lt,Bebidas con alcohol,IMPERIAL,1.0 lt,7793147000981
5cbc69be7af152186c0cd7c4,Cerveza Rubia Miller Genuine Draft 1 Lt,Bebidas con alcohol,MILLER,1.0 lt,7793147570088
5cbc69be7af152186c0cd79f,Cerveza Rubia Patagonia Amber Lager 740 Cc,Bebidas con alcohol,PATAGONIA,740.0 cc,7792798007158
5cbc69be7af152186c0cd7a4,Cerveza Rubia Quilmes 1890 1 Lt,Bebidas con alcohol,QUILMES,1.0 lt,7792798007738
5cbc69be7af152186c0cd7a5,Cerveza Rubia Quilmes Cristal 340 Cc,Bebidas con alcohol,QUILMES,330.0 cc,7792798011087
5cbc69be7af152186c0cd7c1,Cerveza Rubia Retornable Budweiser 1 Lt,Bebidas con alcohol,BUDWEISER,1.0 lt,7793147001056
5cbc69be7af152186c0cd7be,Cerveza Rubia Retornable Heineken 1 Lt,Bebidas con alcohol,HEINEKEN,1.0 lt,7793147000899
5cbc69be7af152186c0cd7c0,Cerveza Rubia Retornable Schneider 1 Lt,Bebidas con alcohol,SCHNEIDER,1.0 lt,7793147001025
5cbc69be7af152186c0cd79e,Cerveza Rubia Stella Artois 970 Cc,Bebidas con alcohol,STELLA ARTOIS,970.0 cc,7792798006199
5cbc69be7af152186c0cd5b2,Fernet 1882 750 Cc,Bebidas con alcohol,1882,750.0 cc,7790139002879
5cbc69be7af152186c0cd5e6,Fernet Branca 450 Cc,Bebidas con alcohol,BRANCA,450.0 cc,7790290001179
5cbc69be7af152186c0cd5e7,Fernet Branca 750 Cc,Bebidas con alcohol,BRANCA,750.0 cc,7790290001193
5cbc69be7af152186c0cd79a,Licor de Cafe al Cognac Cusenier 700 Cc,Bebidas con alcohol,CUSENIER,700.0 cc,7792410008365
5cbc69be7af152186c0cd799,Licor de Chocolate Cusenier 700 Cc,Bebidas con alcohol,CUSENIER,700.0 cc,7792410008105
5cbc69be7af152186c0cd6e0,Licor de Chocolate Premium Bols 700 Cc,Bebidas con alcohol,BOLS,700.0 cc,7791200000220
5cbc69be7af152186c0cd798,Licor de Huevo Cusenier 700 Cc,Bebidas con alcohol,CUSENIER,700.0 cc,7792410008051
5cbc69be7af152186c0cd49b,Ron Blanco Capitan Morgan 750 Ml,Bebidas con alcohol,CAPITÁN MORGAN,750.0 ml,5000281040356
5cbc69be7af152186c0cd7e1,Vino Blanco Chardonnay Benjamin 750 Ml,Bebidas con alcohol,BENJAMÍN,750.0 ml,7793440702926
5cbc69be7af152186c0cd6ce,Vino Blanco Chardonnay Latitud 33 750 Ml,Bebidas con alcohol,LATITUD 33,750.0 ml,7790975017471
5cbc69be7af152186c0cd761,Vino Blanco Chenin Dulce Natural Santa Julia 750 Ml,Bebidas con alcohol,SANTA JULIA,750.0 ml,7791728000115
5cbc69be7af152186c0cd65c,Vino Blanco Dulce Natural Suter 750 Ml,Bebidas con alcohol,SUTER,750.0 ml,7790704169563
5cbc69be7af152186c0cd5ce,Vino Blanco Dulce Natural Trapiche Cosecha Tardia 750 Ml,Bebidas con alcohol,BODEGA TRAPICHE,750.0 ml,7790240041880
5cbc69be7af152186c0cd753,Vino Blanco Hereford 750 Ml,Bebidas con alcohol,HEREFORD,750.0 ml,7791540035319
5cbc69be7af152186c0cd65a,Vino Blanco New Age 750 Ml,Bebidas con alcohol,NEW AGE,750.0 ml,7790703165207
5cbc69be7af152186c0cd840,Vino Blanco Sauvignon Blanc Finca El Portillo 750 Ml,Bebidas con alcohol,FINCA EL PORTILLO,750.0 cc,7798074860226
5cbc69be7af152186c0cd5cc,Vino Blanco Sauvignon Blanc Trapiche 750 Ml,Bebidas con alcohol,TRAPICHE,750.0 ml,7790240017069
5cbc69be7af152186c0cd5c4,Vino Blanco Seleccion Dorada Michel Torino 380 Ml,Bebidas con alcohol,MICHEL TORINO,380.0 ml,7790189041132
5cbc69be7af152186c0cd67d,Vino Blanco Seleccion Especial Santa Ana 700 Ml,Bebidas con alcohol,SANTA ANA,700.0 ml,7790762052357
5cbc69be7af152186c0cd6ca,Vino Blanco Semillon Chardonnay Castel 750 Ml,Bebidas con alcohol,CASTEL,750.0 ml,7790975000084
5cbc69be7af152186c0cd5ad,Vino Blanco Torrontes Etchart Privado 750 Ml,Bebidas con alcohol,ETCHART,750.0 ml,7790093132728
5cbc69be7af152186c0cd792,Vino Cosecha Tardia Norton 750 Ml,Bebidas con alcohol,NORTON,750.0 ml,7792319064073
5cbc69be7af152186c0cd757,Vino Espumante Blanco Frizze Classic 750 Ml,Bebidas con alcohol,FRIZEE,750.0 ml,7791540045011
5cbc69be7af152186c0cd754,Vino Espumante Blue Evolution Frizze 750 Ml,Bebidas con alcohol,FRIZEE,750.0 ml,7791540042706
5cbc69be7af152186c0cd6cc,Vino Espumante Demi Sec Chandon 750 Ml,Bebidas con alcohol,CHANDON,750.0 ml,7790975000190
5cbc69be7af152186c0cd6cb,Vino Espumante Extra Brut Chandon 750 Ml,Bebidas con alcohol,CHANDON,750.0 ml,7790975000183
5cbc69be7af152186c0cd6e6,Vino Espumante Navarro Correas 750 Cc,Bebidas con alcohol,NAVARRO CORREAS,750.0 cc,7791250001529
5cbc69be7af152186c0cd791,Vino Rosado Cosecha Tardia Norton 750 Cc,Bebidas con alcohol,NORTON,750.0 cc,7792319003072
5cbc69be7af152186c0cd7df,Vino Rosado Dulce Coleccion Tardia Benjamin 750 Ml,Bebidas con alcohol,BENJAMÍN,750.0 ml,7793440001104
5cbc69be7af152186c0cd67e,Vino Rosado Seleccion Especial Santa Ana 700 Ml,Bebidas con alcohol,SANTA ANA,700.0 ml,7790762052364
5cbc69be7af152186c0cd65b,Vino Tinto Borgoña Suter 750 Ml,Bebidas con alcohol,SUTER,750.0 cc,7790704167729
5cbc69be7af152186c0cd60c,Vino Tinto Borgoña Viñas de Alvear 1.125 Lt,Bebidas con alcohol,VIÑAS DE ALVEAR,1.125 lt,7790480000463
5cbc69be7af152186c0cd759,Vino Tinto Cabernet Dada Art 750 Cc,Bebidas con alcohol,DADA,750.0 cc,7791540047855
5cbc69be7af152186c0cd5ed,Vino Tinto Cabernet Malbec Estancia Mendoza 750 Ml,Bebidas con alcohol,ESTANCIA MENDOZA,750.0 ml,7790314056598
5cbc69be7af152186c0cd848,Vino Tinto Cabernet Sauvignion Aime 750 Cc,Bebidas con alcohol,AIMÉ,750.0 cc,7798090852526
5cbc69be7af152186c0cd5cf,Vino Tinto Cabernet Sauvignon Alma Mora 750 Ml,Bebidas con alcohol,ALMA MORA,750.0 ml,7790240042085
5cbc69be7af152186c0cd84c,Vino Tinto Cabernet Sauvignon Alta Callia 750 Cc,Bebidas con alcohol,CALLIA,750.0 cc,7798108830249
5cbc69be7af152186c0cd5bc,Vino Tinto Cabernet Sauvignon Colon 750 Cc,Bebidas con alcohol,COLON,750.0 cc,7790168000488
5cbc69be7af152186c0cd5c1,Vino Tinto Cabernet Sauvignon Elementos 750 Cc,Bebidas con alcohol,ELEMENTOS,750.0 cc,7790189021011
5cbc69be7af152186c0cd7e0,Vino Tinto Cabernet Sauvignon Emilia Nieto Senetiner 750 Cc,Bebidas con alcohol,NIETO SANETINER,750.0 cc,7793440002316
5cbc69be7af152186c0cd841,Vino Tinto Cabernet Sauvignon Finca El Portillo 750 Cc,Bebidas con alcohol,FINCA EL PORTILLO,750.0 cc,7798074860233
5cbc69be7af152186c0cd609,Vino Tinto Cabernet Sauvignon Finca Flichman 750 Cc,Bebidas con alcohol,FINCA FLICHMAN,750.0 cc,7790470005904
5cbc69be7af152186c0cd6cf,Vino Tinto Cabernet Sauvignon Latitud 33 750 Ml,Bebidas con alcohol,LATITUD 33,750.0 ml,7790975017495
5cbc69be7af152186c0cd6e2,Vino Tinto Cabernet Sauvignon Los Arboles 750 Ml,Bebidas con alcohol,LOS ÁRBOLES,750.0 ml,7791250000942
5cbc69be7af152186c0cd6cd,Vino Tinto Cabernet Sauvignon Malbec Pinot Noir Valmont 750 Ml,Bebidas con alcohol,VALMONT,750.0 ml,7790975000312
5cbc69be7af152186c0cd7e3,Vino Tinto Cabernet Sauvignon Nieto Senetiner Benjamin 750 Ml,Bebidas con alcohol,NIETO SANETINER,750.0 ml,7793440702964
5cbc69be7af152186c0cd5d2,Vino Tinto Cabernet Sauvignon Trapiche 750 Ml,Bebidas con alcohol,TRAPICHE,750.0 ml,7790240107500
5cbc69be7af152186c0cd793,Vino Tinto Clasico Bodega Norton 750 Cc,Bebidas con alcohol,NORTON,750.0 cc,7792319065254
5cbc69be7af152186c0cd790,Vino Tinto Cosecha Tardia Bodega Norton 750 Cc,Bebidas con alcohol,NORTON,750.0 cc,7792319002976
5cbc69be7af152186c0cd756,Vino Tinto Dada 3 Finca Las Moras 750 Ml,Bebidas con alcohol,FINCA LAS MORAS,750.0 ml,7791540044526
5cbc69be7af152186c0cd67b,Vino Tinto Etiqueta Negra Santa Ana 750 Cc,Bebidas con alcohol,SANTA ANA,750.0 cc,7790762050919
5cbc69be7af152186c0cd752,Vino Tinto Hereford 750 Ml,Bebidas con alcohol,HEREFORD,750.0 ml,7791540035302
5cbc69be7af152186c0cd849,Vino Tinto Malbec Aime 750 Cc,Bebidas con alcohol,AIMÉ,750.0 cc,7798090852533
5cbc69be7af152186c0cd5cb,Vino Tinto Malbec Alaris Trapiche 750 Cc,Bebidas con alcohol,TRAPICHE,750.0 cc,7790240017045
5cbc69be7af152186c0cd5d0,Vino Tinto Malbec Alma Mora 750 Ml,Bebidas con alcohol,ALMA MORA,750.0 ml,7790240042108
5cbc69be7af152186c0cd84d,Vino Tinto Malbec Alta Callia 750 Cc,Bebidas con alcohol,CALLIA,750.0 cc,7798108830751
5cbc69be7af152186c0cd7e2,Vino Tinto Malbec Benjamin Nieto Senetiner 750 Cc,Bebidas con alcohol,NIETO SANETINER,750.0 cc,7793440702940
5cbc69be7af152186c0cd5bd,Vino Tinto Malbec Colon 750 Cc,Bebidas con alcohol,COLON,750.0 cc,7790168114000
5cbc69be7af152186c0cd75a,Vino Tinto Malbec Dada Art 750 Cc,Bebidas con alcohol,DADA,750.0 cc,7791540047862
5cbc69be7af152186c0cd5c0,Vino Tinto Malbec Don David 750 Ml,Bebidas con alcohol,DON DAVID,750.0 ml,7790189001129
5cbc69be7af152186c0cd5c2,Vino Tinto Malbec Elementos 750 Cc,Bebidas con alcohol,ELEMENTOS,750.0 cc,7790189021028
5cbc69be7af152186c0cd7de,Vino Tinto Malbec Emilia Nieto Senetiner 750 Cc,Bebidas con alcohol,NIETO SANETINER,750.0 cc,7793440000305
5cbc69be7af152186c0cd842,Vino Tinto Malbec Finca El Portillo 750 Cc,Bebidas con alcohol,FINCA EL PORTILLO,750.0 cc,7798074860240
5cbc69be7af152186c0cd5d3,Vino Tinto Malbec Finca Las Moras 750 Cc,Bebidas con alcohol,FINCA LAS MORAS,750.0 cc,7790240128598
5cbc69be7af152186c0cd5cd,Vino Tinto Malbec Fond de Cave 750 Cc,Bebidas con alcohol,FOND DE CAVE,750.0 cc,7790240041460
5cbc69be7af152186c0cd843,Vino Tinto Malbec Killka Art & Wine 750 Ml,Bebidas con alcohol,KILLKA,750.0 ml,7798074862077
5cbc69be7af152186c0cd6d0,Vino Tinto Malbec Latitud 33 750 Cc,Bebidas con alcohol,LATITUD 33,750.0 cc,7790975017518
5cbc69be7af152186c0cd5ec,Vino Tinto Malbec Merlot Estancia Mendoza 750 Cc,Bebidas con alcohol,ESTANCIA MENDOZA,750.0 cc,7790314055386
5cbc69be7af152186c0cd7dd,Vino Tinto Malbec Nieto Senetiner 750 Cc,Bebidas con alcohol,NIETO SANETINER,750.0 cc,7793440000046
5cbc69be7af152186c0cd5d1,Vino Tinto Malbec Reserva Trapiche 750 Cc,Bebidas con alcohol,TRAPICHE,750.0 cc,7790240094459
5cbc69be7af152186c0cd833,Vino Tinto Malbec Roble Finca Natalina 750 Cc,Bebidas con alcohol,FINCA NATALINA,750.0 cc,7797942000498
5cbc69be7af152186c0cd762,Vino Tinto Malbec Santa Julia 750 Cc,Bebidas con alcohol,SANTA JULIA,750.0 cc,7791728000160
5cbc69be7af152186c0cd6e1,Vino Tinto Malbec Seleccion Los Arboles 750 Cc,Bebidas con alcohol,LOS ÁRBOLES,750.0 cc,7791250000935
5cbc69be7af152186c0cd6e3,Vino Tinto Malbec Seleccion San Telmo 750 Cc,Bebidas con alcohol,SAN TELMO,750.0 cc,7791250000997
5cbc69be7af152186c0cd5c3,Vino Tinto Seleccion Dorada Michel Torino 380 Cc,Bebidas con alcohol,MICHEL TORINO,380.0 cc,7790189041125
5cbc69be7af152186c0cd67c,Vino Tinto Seleccion Especial Santa Ana 700 Cc,Bebidas con alcohol,SANTA ANA,700.0 cc,7790762052340
5cbc69be7af152186c0cd84b,Vino Tinto Syrah Malbec Callia Alta 750 Ml,Bebidas con alcohol,CALLIA,750.0 ml,7798108830218
5cbc69be7af152186c0cd755,Vino Tinto Vainilla 1 Dada 750 Cc,Bebidas con alcohol,DADA,750.0 cc,7791540044502
5cbc69be7af152186c0cd758,Vino Tinto Varietal Termidor 1 Lt,Bebidas con alcohol,TERMIDOR,1.0 lt,7791540045042
5cbc69be7af152186c0cd75b,Vodka Hiram Walker 1 Lt,Bebidas con alcohol,HIRAM WALKER,1.0 lt,7791560000441
5cbc69be7af152186c0cd6df,Vodka Skyy 750 Cc,Bebidas con alcohol,SKYY,750.0 cc,7791200000213
5cbc69be7af152186c0cd6e5,Vodka Smirnoff 750 Cc,Bebidas con alcohol,SMIRNOFF,750.0 cc,7791250001345
5cbc69be7af152186c0cd6e7,Whisky JyB 750 Cc,Bebidas con alcohol,J&B,750.0 cc,7791250001994
5cbc69be7af152186c0cd850,Whisky Old Smuggler 1 Lt,Bebidas con alcohol,OLD SMUGGLER,1.0 lt,7798131200613
5cbc69be7af152186c0cd6e4,Whisky White Horse 750 Cc,Bebidas con alcohol,WHITE HORSE,750.0 cc,7791250001253
5cbc69be7af152186c0cd768,Agua Saborizada Citrus con Gas H2Oh! 1.5 Lt,Bebidas sin alcohol,H2OH!,1.5 lt,7791813421603
5cbc69be7af152186c0cd76d,Agua Saborizada Citrus con Gas H2Oh! 2.25 Lt,Bebidas sin alcohol,H2OH!,2.25 lt,7791813423591
5cbc69be7af152186c0cd839,Agua Saborizada Citrus con Gas Ser We 2.25 Lt,Bebidas sin alcohol,SER,2.25 lt,7798062541939
5cbc69be7af152186c0cd83a,Agua Saborizada Lemon con Gas We 2.25 Lt,Bebidas sin alcohol,SER,2.25 lt,7798062541946
5cbc69be7af152186c0cd769,Agua Saborizada Limoneto con Gas H2Oh! 1.5 Lt,Bebidas sin alcohol,H2OH!,1.5 lt,7791813421917
5cbc69be7af152186c0cd6b1,Agua Saborizada Manzana sin Gas Aquarius 1.5 Lt,Bebidas sin alcohol,AQUARIUS,1.5 lt,7790895640483
5cbc69be7af152186c0cd68f,Agua Saborizada Manzana sin Gas Aquarius 2.25 Lt,Bebidas sin alcohol,AQUARIUS,2.25 lt,7790895003301
5cbc69be7af152186c0cd69e,Agua Saborizada Manzana sin Gas Aquarius 600 Cc,Bebidas sin alcohol,AQUARIUS,600.0 cc,7790895009211
5cbc69be7af152186c0cd83e,Agua Saborizada Manzana sin Gas Levite 1.5 Lt,Bebidas sin alcohol,LEVITÉ,1.5 lt,7798062548709
5cbc69be7af152186c0cd5f4,Agua Saborizada Manzana sin Gas Levite Cero 1.5 Lt,Bebidas sin alcohol,LEVITÉ,1.5 lt,7790315001061
5cbc69be7af152186c0cd690,Agua Saborizada Naranja Aquarius 2.25 Lt,Bebidas sin alcohol,AQUARIUS,2.25 lt,7790895003325
5cbc69be7af152186c0cd83d,Agua Saborizada Naranja sin Gas Levite 1.5 Lt,Bebidas sin alcohol,LEVITÉ,1.5 lt,7798062548648
5cbc69be7af152186c0cd5f1,Agua Saborizada Naranja sin Gas Levite Cero 1.5 Lt,Bebidas sin alcohol,LEVITÉ,1.5 lt,7790315000934
5cbc69be7af152186c0cd5f3,Agua Saborizada Naranja sin Gas Levite Cero 2.25 Lt,Bebidas sin alcohol,LEVITÉ,2.25 lt,7790315001054
5cbc69be7af152186c0cd836,Agua Saborizada Naranja sin Gas Villa Del Sur Levite 2.25 Lt,Bebidas sin alcohol,LEVITÉ,2.25 lt,7798062540291
5cbc69be7af152186c0cd6b0,Agua Saborizada Pera sin Gas Aquarius 1.5 Lt,Bebidas sin alcohol,AQUARIUS,1.5 lt,7790895640476
5cbc69be7af152186c0cd68e,Agua Saborizada Pera sin Gas Aquarius 2.25 Lt,Bebidas sin alcohol,AQUARIUS,2.25 lt,7790895003295
5cbc69be7af152186c0cd69d,Agua Saborizada Pera sin Gas Aquarius 600 Cc,Bebidas sin alcohol,AQUARIUS,600.0 cc,7790895009204
5cbc69be7af152186c0cd838,Agua Saborizada Pomelo con Gas We 2.2 Lt,Bebidas sin alcohol,SER,2.2 lt,7798062541915
5cbc69be7af152186c0cd6b2,Agua Saborizada Pomelo sin Gas Aquarius 1.5 Lt,Bebidas sin alcohol,AQUARIUS,1.5 lt,7790895640490
5cbc69be7af152186c0cd68d,Agua Saborizada Pomelo sin Gas Aquarius 2.25 Lt,Bebidas sin alcohol,AQUARIUS,2.25 lt,7790895003288
5cbc69be7af152186c0cd69f,Agua Saborizada Pomelo sin Gas Aquarius 600 Cc,Bebidas sin alcohol,AQUARIUS,600.0 cc,7790895009228
5cbc69be7af152186c0cd5f2,Agua Saborizada Pomelo sin Gas Levite Cero 2.25 Lt,Bebidas sin alcohol,LEVITÉ,2.25 lt,7790315001047
5cbc69be7af152186c0cd835,Agua Saborizada Pomelo sin Gas Villa Del Sur Levite 2.25 Lt,Bebidas sin alcohol,LEVITÉ,2.25 lt,7798062540284
5cbc69be7af152186c0cd6c6,Amargo Manzana Cero Terma 1.35 Lt,Bebidas sin alcohol,TERMA,1.35 lt,7790950133370
5cbc69be7af152186c0cd6c2,Aperitivo Amargo Cuyano Terma 1.35 Lt,Bebidas sin alcohol,TERMA,1.35 lt,7790950133332
5cbc69be7af152186c0cd6c3,Aperitivo Amargo Cuyano Terma Light 1.35 Lt,Bebidas sin alcohol,TERMA,1.35 lt,7790950133349
5cbc69be7af152186c0cd6be,Aperitivo Amargo Limon Terma 1.35 Lt,Bebidas sin alcohol,TERMA,1.35 lt,7790950133271
5cbc69be7af152186c0cd6bf,Aperitivo Amargo Limon Terma Light 1.35 Lt,Bebidas sin alcohol,TERMA,1.35 lt,7790950133288
5cbc69be7af152186c0cd6c4,Aperitivo Amargo Patagonico Terma 1.35 Lt,Bebidas sin alcohol,TERMA,1.35 lt,7790950133356
5cbc69be7af152186c0cd6c5,Aperitivo Amargo Pomelo Rosado Terma 1.35 Lt,Bebidas sin alcohol,TERMA,1.35 lt,7790950133363
5cbc69be7af152186c0cd6bd,Aperitivo Amargo Pomelo Terma 1.35 Lt,Bebidas sin alcohol,TERMA,1.35 lt,7790950133257
5cbc69be7af152186c0cd6c0,Aperitivo Amargo Serrano Terma 1.35 Lt,Bebidas sin alcohol,TERMA,1.35 lt,7790950133318
5cbc69be7af152186c0cd6c1,Aperitivo Amargo Serrano Terma Light 1.35 Lt,Bebidas sin alcohol,TERMA,1.35 lt,7790950133325
5cbc69be7af152186c0cd84f,Bebida Energizante Speed Unlimited Regular 250 Ml,Bebidas deportivas,SPEED,250.0 ml,7798119220015
5cbc69be7af152186c0cd781,Bebida Isotonica Cool Blue Gatorade 1.25 Lt,Bebidas deportivas,GATORADE,1.25 lt,7792170110704
5cbc69be7af152186c0cd77c,Bebida Isotonica Cool Blue Gatorade 500 Ml,Bebidas deportivas,GATORADE,500.0 ml,7792170042258
5cbc69be7af152186c0cd695,Bebida Isotonica Frutas Tropicales Powearde 995 Ml,Bebidas deportivas,POWERADE,995.0 ml,7790895006104
5cbc69be7af152186c0cd6b3,Bebida Isotonica Frutas Tropicales Powerade 500 Ml,Bebidas deportivas,POWERADE,500.0 ml,7790895641183
5cbc69be7af152186c0cd780,Bebida Isotonica Manzana Gatorade 1.25 Lt,Bebidas deportivas,GATORADE,1.25 lt,7792170110575
5cbc69be7af152186c0cd77a,Bebida Isotonica Manzana Gatorade 500 Ml,Bebidas deportivas,GATORADE,500.0 ml,7792170042005
5cbc69be7af152186c0cd77d,Bebida Isotonica Manzana Gatorade 750 Cc,Bebidas deportivas,GATORADE,750.0 cc,7792170052271
5cbc69be7af152186c0cd694,Bebida Isotonica Manzana Powearde 995 Ml,Bebidas deportivas,POWERADE,995.0 ml,7790895006036
5cbc69be7af152186c0cd6ae,Bebida Isotonica Manzana Powerade 500 Ml,Bebidas deportivas,POWERADE,500.0 ml,7790895640018
5cbc69be7af152186c0cd693,Bebida Isotonica Mountain Blast Powearde 995 Ml,Bebidas deportivas,POWERADE,995.0 ml,7790895006029
5cbc69be7af152186c0cd6af,Bebida Isotonica Mountain Blast Powerade 500 Ml,Bebidas deportivas,POWERADE,500.0 ml,7790895640025
5cbc69be7af152186c0cd77f,Bebida Isotonica Naranja Gatorade 1.25 Lt,Bebidas deportivas,GATORADE,1.25 lt,7792170110551
5cbc69be7af152186c0cd77b,Bebida Isotonica Naranja Gatorade 500 Ml,Bebidas deportivas,GATORADE,500.0 ml,7792170042012
5cbc69be7af152186c0cd6a3,Bebida Isotonica Pomelo Zero Powerade 500 Ml,Bebidas deportivas,POWERADE,500.0 ml,7790895010033
5cbc69be7af152186c0cd696,Coca Cola 3 Lt,Bebidas sin alcohol,COCA COLA,3.0 lt,7790895006418
5cbc69be7af152186c0cd688,Coca Cola Light Sabor Liviano 1.5 Lt,Bebidas sin alcohol,COCA COLA,1.5 lt,7790895001451
5cbc69be7af152186c0cd689,Coca Cola Light Sabor Liviano 2 Lt,Bebidas sin alcohol,COCA COLA,2.0 lt,7790895001468
5cbc69be7af152186c0cd69a,Coca Cola Light Sabor Liviano 600 Cc,Bebidas sin alcohol,COCA COLA,600.0 cc,7790895006975
5cbc69be7af152186c0cd685,Coca Cola Sabor Original 2.25 Lt,Bebidas sin alcohol,COCA COLA,2.25 lt,7790895000997
5cbc69be7af152186c0cd699,Coca Cola Sabor Original 600 Cc,Bebidas sin alcohol,COCA COLA,600.0 cc,7790895006968
5cbc69be7af152186c0cd682,Coca Cola Sabor Original en Lata 354 Cc,Bebidas sin alcohol,COCA COLA,354.0 cc,7790895000232
5cbc69be7af152186c0cd6ad,Coca Cola sin Azucar 1.5 Lt,Bebidas sin alcohol,COCA COLA,1.5 lt,7790895067556
5cbc69be7af152186c0cd765,Gaseosa Cola Pepsi Light 1.5 Lt,Bebidas sin alcohol,PEPSI,1.5 lt,7791813421351
5cbc69be7af152186c0cd767,Gaseosa Lima Limon 7 Up 1.5 Lt,Bebidas sin alcohol,7 UP,1.5 lt,7791813421528
5cbc69be7af152186c0cd76c,Gaseosa Lima Limon 7 Up 2.25 Lt,Bebidas sin alcohol,7 UP,2.25 lt,7791813423522
5cbc69be7af152186c0cd69b,Gaseosa Lima Limon Crush 2.25 Lt,Bebidas sin alcohol,CRUSH,2.25 lt,7790895007385
5cbc69be7af152186c0cd6a6,Gaseosa Lima Limon Sprite 3 Lt,Bebidas sin alcohol,SPRITE,3.0 lt,7790895064128
5cbc69be7af152186c0cd6a8,Gaseosa Lima Limon Sprite Zero 1.5 Lt,Bebidas sin alcohol,SPRITE,1.5 lt,7790895064173
5cbc69be7af152186c0cd6a7,Gaseosa Lima Limon Sprite Zero 2.25 Lt,Bebidas sin alcohol,SPRITE,2.25 lt,7790895064166
5cbc69be7af152186c0cd68a,Gaseosa Naranja con Vitamina C Fanta Zero 1.5 Lt,Bebidas sin alcohol,FANTA,1.5 lt,7790895002304
5cbc69be7af152186c0cd698,Gaseosa Naranja Crush 2.25 Lt,Bebidas sin alcohol,CRUSH,2.25 lt,7790895006951
5cbc69be7af152186c0cd687,Gaseosa Naranja Fanta 2.25 Lt,Bebidas sin alcohol,FANTA,2.25 lt,7790895001017
5cbc69be7af152186c0cd6a5,Gaseosa Naranja Fanta Splash 600 Cc,Bebidas sin alcohol,FANTA,600.0 cc,7790895063091
5cbc69be7af152186c0cd68b,Gaseosa Naranja Fanta Zero 600 Cc,Bebidas sin alcohol,FANTA,600.0 cc,7790895002342
5cbc69be7af152186c0cd68c,Gaseosa Naranja Zero Fanta 2.25 Lt,Bebidas sin alcohol,FANTA,2.25 lt,7790895002601
5cbc69be7af152186c0cd764,Gaseosa Pepsi 1.5 Lt,Bebidas sin alcohol,PEPSI,1.5 lt,7791813421115
5cbc69be7af152186c0cd76a,Gaseosa Pepsi 2.25 Lt,Bebidas sin alcohol,PEPSI,2.25 lt,7791813423119
5cbc69be7af152186c0cd763,Gaseosa Pepsi 500 Cc,Bebidas sin alcohol,PEPSI,500.0 cc,7791813420118
5cbc69be7af152186c0cd76b,Gaseosa Pepsi Light 2.25 Lt,Bebidas sin alcohol,PEPSI,2.25 lt,7791813423355
5cbc69be7af152186c0cd766,Gaseosa Pomelo Light Paso de los Toros 1.5 Lt,Bebidas sin alcohol,PASO DE LOS TOROS,1.5 lt,7791813421412
5cbc69be7af152186c0cd6a4,Gaseosa Pomelo Schweppes Zero 1.5 Lt,Bebidas sin alcohol,SCHWEPPES,1.5 lt,7790895010088
5cbc69be7af152186c0cd686,Gaseosa Sprite 2.25 Lt,Bebidas sin alcohol,SPRITE,2.25 lt,7790895001000
5cbc69be7af152186c0cd69c,Gaseosa Sprite 600 Cc,Bebidas sin alcohol,SPRITE,600.0 cc,7790895007439
5cbc69be7af152186c0cd697,Gaseosa Tonica Schweppes 1.5 Lt,Bebidas sin alcohol,SCHWEPPES,1.5 lt,7790895006715
5cbc69be7af152186c0cd6a9,Jugo Concentrado Naranja Carioca 1.5 Lt,Bebidas sin alcohol,CARIOCA,1.5 lt,7790895064289
5cbc69be7af152186c0cd595,Jugo de Limon Minerva 500 Ml,Bebidas sin alcohol,MINERVA,500.0 ml,7790070507341
5cbc69be7af152186c0cd6b7,Jugo de Soja Naranja Ades 1 Lt,Bebidas sin alcohol,ADES,1.0 lt,7790895643842
5cbc69be7af152186c0cd6b8,Jugo de Soja Natural Ades 1 Lt,Bebidas sin alcohol,ADES,1.0 lt,7790895643859
5cbc69be7af152186c0cd4dc,Jugo en Polvo Anana Clight Nereidas 8 Gr,Jugos en polvo,CLIGHT,8.0 gr,7622210812872
5cbc69be7af152186c0cd4e1,Jugo en Polvo Diet Manzana Verde Clight Nereidas 8 Gr,Jugos en polvo,CLIGHT,8.0 gr,7622210813572
5cbc69be7af152186c0cd4da,Jugo en Polvo Diet Naranja Clight Nereidas 9 Gr,Jugos en polvo,CLIGHT,9.0 gr,7622210812759
5cbc69be7af152186c0cd4db,Jugo en Polvo Diet Naranja Dulce Clight Nereidas 8 Gr,Jugos en polvo,CLIGHT,8.0 gr,7622210812797
5cbc69be7af152186c0cd4de,Jugo en Polvo Diet Naranja Durazno Clight Nereidas 8 Gr,Jugos en polvo,CLIGHT,8.0 gr,7622210813244
5cbc69be7af152186c0cd4dd,Jugo en Polvo Diet Naranja Mango Clight Nereidas 8 Gr,Jugos en polvo,CLIGHT,8.0 gr,7622210813237
5cbc69be7af152186c0cd4e0,Jugo en Polvo Duo Mango y Pera Clight 7 Gr,Jugos en polvo,CLIGHT,7.0 gr,7622210813534
5cbc69be7af152186c0cd4f8,Jugo en Polvo Frutilla Tang Fresh 25 Gr,Jugos en polvo,TANG,25.0 gr,7622300864149
5cbc69be7af152186c0cd652,Jugo en Polvo Limonada Bc 9.3 Gr,Jugos en polvo,BC,9.3 gr,7790580984212
5cbc69be7af152186c0cd4f7,Jugo en Polvo Limonada Fresh Tang 25 Gr,Jugos en polvo,TANG,25.0 gr,7622300864118
5cbc69be7af152186c0cd501,Jugo en Polvo Limonada Tang 18 Gr,Jugos en polvo,TANG,18.0 gr,7622300868697
5cbc69be7af152186c0cd4d9,Jugo en Polvo Manzana Deliciosa Clight Nereidas 7 Gr,Jugos en polvo,CLIGHT,7.0 gr,7622210812711
5cbc69be7af152186c0cd635,Jugo en Polvo Manzana Roja Arcor 20 Gr,Jugos en polvo,ARCOR,20.0 gr,7790580105853
5cbc69be7af152186c0cd4fe,Jugo en Polvo Manzana Tang 18 Gr,Jugos en polvo,TANG,18.0 gr,7622300868512
5cbc69be7af152186c0cd4e2,Jugo en Polvo Manzana Verde Clight 8 Gr,Jugos en polvo,CLIGHT,8.0 gr,7622210813619
5cbc69be7af152186c0cd502,Jugo en Polvo Multifruta Vitaminas Tang 18 Gr,Jugos en polvo,TANG,18.0 gr,7622300868727
5cbc69be7af152186c0cd636,Jugo en Polvo Naranja Arcor 20 Gr,Jugos en polvo,ARCOR,20.0 gr,7790580105860
5cbc69be7af152186c0cd504,Jugo en Polvo Naranja Banana Tang 18 Gr,Jugos en polvo,TANG,18.0 gr,7622300868789
5cbc69be7af152186c0cd651,Jugo en Polvo Naranja Bc 9.7 Gr,Jugos en polvo,BC,9.7 gr,7790580984113
5cbc69be7af152186c0cd4ff,Jugo en Polvo Naranja Dulce Tang 18 Gr,Jugos en polvo,TANG,18.0 gr,7622300868543
5cbc69be7af152186c0cd4f5,Jugo en Polvo Naranja Durazno Verao 10 Gr,Jugos en polvo,VERAO,10.0 gr,7622300861100
5cbc69be7af152186c0cd500,Jugo en Polvo Naranja Mango Tang 18 Gr,Jugos en polvo,TANG,18.0 gr,7622300868635
5cbc69be7af152186c0cd4fd,Jugo en Polvo Naranja Tang 18 Gr,Jugos en polvo,TANG,18.0 gr,7622300868482
5cbc69be7af152186c0cd4f6,Jugo en Polvo Naranja Tang Fresh 25 Gr,Jugos en polvo,TANG,25.0 gr,7622300864088
5cbc69be7af152186c0cd4f4,Jugo en Polvo Naranja Verao 10 Gr,Jugos en polvo,VERAO,10.0 gr,7622300861049
5cbc69be7af152186c0cd653,Jugo en Polvo Nararanja Dulce Bc 9.5 Gr,Jugos en polvo,BC,9.5 gr,7790580984410
5cbc69be7af152186c0cd4df,Jugo en Polvo Pomelo Amarillo Clight Nereidas 10 Gr,Jugos en polvo,CLIGHT,10.0 gr,7622210813497
5cbc69be7af152186c0cd503,Jugo en Polvo Pomelo Rosado Tang 18 Gr,Jugos en polvo,TANG,18.0 gr,7622300868758
5cbc69be7af152186c0cd6a2,Jugo Listo Manzana Cepita 1 Lt,Bebidas sin alcohol,CEPITA,1.0 lt,7790895009853
5cbc69be7af152186c0cd6ab,Jugo Listo Manzana Cepita 1 Lt,Bebidas sin alcohol,CEPITA,1.0 lt,7790895064340
5cbc69be7af152186c0cd683,Jugo Listo Manzana Cepita 200 Ml,Bebidas sin alcohol,CEPITA,200.0 ml,7790895000720
5cbc69be7af152186c0cd6b6,Jugo Listo Manzana Multi Ades 1 L t,Bebidas sin alcohol,ADES,1.0 lt,7790895643835
5cbc69be7af152186c0cd6ac,Jugo Listo Multifruta Cepita 1 Lt,Bebidas sin alcohol,CEPITA,1.0 lt,7790895065217
5cbc69be7af152186c0cd684,Jugo Listo Multifruta Cepita 200 Ml,Bebidas sin alcohol,CEPITA,200.0 ml,7790895000737
5cbc69be7af152186c0cd6aa,Jugo Listo Naranja 1 Lt,Bebidas sin alcohol,CEPITA,1.0 lt,7790895064333
5cbc69be7af152186c0cd6b4,Jugo Listo Naranja Cepita 200 Ml,Bebidas sin alcohol,CEPITA,200.0 ml,7790895641596
5cbc69be7af152186c0cd847,Jugo Listo Naranja Citric 1 Lt,Bebidas sin alcohol,CITRIC,1.0 lt,7798085680141
5cbc69be7af152186c0cd846,Jugo Listo Naranja Citric 500 Ml,Bebidas sin alcohol,CITRIC,500.0 ml,7798085680127
5cbc69be7af152186c0cd6a1,Jugo Listo Naranja Tentacion Cepita 1 Lt,Bebidas sin alcohol,CEPITA,1.0 lt,7790895009815
5cbc69be7af152186c0cd6b5,Jugo Naranja Tentacion Cepita 1.50 Lt,Bebidas sin alcohol,CEPITA,1.5 lt,7790895641800
5cbc69be7af152186c0cd6b9,Jugo Sabor Soja Tropic Ades 1 Lt,Bebidas sin alcohol,ADES,1.0 lt,7790895643866
5cbc69be7af152186c0cd4cc,Cacao en Polvo Instantaneo Nesquik 360 Gr,Cacao y café,NESQUIK,360.0 gr,7613034449993
5cbc69be7af152186c0cd4cd,Cacao en Polvo Instantaneo Nesquik 800 Gr,Cacao y café,NESQUIK,800.0 gr,7613034453600
5cbc69be7af152186c0cd5b6,Cafe Cappuccino Instantaneo Light Doy Pack La Virginia 100 Gr,Cacao y café,LA VIRGINIA,100.0 gr,7790150160909
5cbc69be7af152186c0cd5b5,Cafe Cappuccino Instantaneo Tradicional Doy Pack La Virginia 125 Gr,Cacao y café,LA VIRGINIA,125.0 gr,7790150160701
5cbc69be7af152186c0cd4c2,Cafe en Capsulas Au Lait NesCafe Dolce Gusto 16 Un 160 Gr,Cacao y café,NESCAFÉ,160.0 gr,7613033174728
5cbc69be7af152186c0cd4ba,Cafe en Capsulas Cappuccino NesCafe 8 Un 200 Gr,Cacao y café,NESCAFÉ,8.0 un,7501059273276
5cbc69be7af152186c0cd4c1,Cafe en Capsulas Cortado Expreso Macchiato NesCafe Dolce Gusto 159 Gr,Cacao y café,NESCAFÉ,100.0 gr,7613032396350
5cbc69be7af152186c0cd4b9,Cafe en Capsulas Expreso NesCafe Dolce Gusto 16 Un 96 Gr,Cacao y café,NESCAFÉ,16.0 un,7501059273252
5cbc69be7af152186c0cd4b8,Cafe en Capsulas Lungo NesCafe Dolce Gusto 16 Un 112 Gr,Cacao y café,NESCAFÉ,112.0 gr,7501059273245
5cbc69be7af152186c0cd794,Cafe en Saquitos Bonafide Sensaciones 100 Gr,Cacao y café,BONAFIDE,100.0 gr,7792360070153
5cbc69be7af152186c0cd4d5,Cafe Instantaneo Descafeinado NesCafe 100 Gr,Cacao y café,NESCAFÉ,100.0 gr,7613035379213
5cbc69be7af152186c0cd4d2,Cafe Instantaneo NesCafe Dolca 170 Gr,Cacao y café,NESCAFÉ,170.0 gr,7613035068391
5cbc69be7af152186c0cd597,Cafe Instantaneo Seleccion Arlistan 170 Gr,Cacao y café,ARLISTÁN,170.0 gr,7790070936479
5cbc69be7af152186c0cd4d3,Cafe Instantaneo Suave NesCafe Dolca 100 Gr,Cacao y café,NESCAFÉ,100.0 gr,7613035070981
5cbc69be7af152186c0cd4d1,Cafe Instantaneo Suave NesCafe Dolca 170 Gr,Cacao y café,NESCAFÉ,170.0 gr,7613035067837
5cbc69be7af152186c0cd4c5,Cafe Instantaneo Torrado Dolca NesCafe 170 Gr,Cacao y café,NESCAFÉ,170.0 gr,7613034235404
5cbc69be7af152186c0cd4d4,Cafe Mokaccino Instantaneo NesCafe Dolca 125 Gr,Cacao y café,NESCAFÉ,125.0 gr,7613035161580
5cbc69be7af152186c0cd5be,Cafe Molido Torrado Clasico Equilibrado La Morenita 250 Gr,Cacao y café,LA MORENITA,250.0 gr,7790170901872
5cbc69be7af152186c0cd5bf,Cafe Molido Torrado Clasico Equilibrado La Morenita 500 Gr,Cacao y café,LA MORENITA,500.0 gr,7790170901902
5cbc69be7af152186c0cd5b3,Cafe Molido Torrado Clasico Equilibrado La Virginia 250 Gr,Cacao y café,LA VIRGINIA,250.0 gr,7790150006122
5cbc69be7af152186c0cd5b4,Cafe Molido Torrado Clasico Equilibrado La Virginia 500 Gr,Cacao y café,LA VIRGINIA,500.0 gr,7790150006153
5cbc69be7af152186c0cd632,Cafe Molido Torrado en Bolsa Cabrales 250 Gr,Cacao y café,CABRALES,250.0 gr,7790550000157
5cbc69be7af152186c0cd633,Cafe Molido Torrado en Bolsa Cabrales 500 Gr,Cacao y café,CABRALES,500.0 gr,7790550000164
5cbc69be7af152186c0cd598,Cafe Seleccion Arlistan 100 Gr,Cacao y café,ARLISTÁN,100.0 gr,7790070936493
5cbc69be7af152186c0cd4c4,Cafe Suave Doypack Dolca 170 Gr,Cacao y café,NESCAFÉ,170.0 gr,7613034235374
5cbc69be7af152186c0cd85a,Bocaditos de Pollo Nuggets Crocantes Sadia 900 Gr,Carnes congeladas,SADIA,900.0 gr,7798183044470
5cbc69be7af152186c0cd553,Bocaditos Rebozados de Pollo Granja del Sol 400 Gr,Carnes congeladas,GRANJA DEL SOL,400.0 gr,7790070016300
5cbc69be7af152186c0cd656,Hamburguesas de Carne Clasicas sin TACC Paty 12 Un 960 Gr,Carnes congeladas,PATY,960.0 gr,7790670050667
5cbc69be7af152186c0cd655,Hamburguesas de Carne Clasicas sin TACC Paty 4 Un 320 Gr,Carnes congeladas,PATY,320.0 gr,7790670050650
5cbc69be7af152186c0cd657,Hamburguesas de Carne Finitas Paty 2 Un 110 Gr,Carnes congeladas,PATY,110.0 gr,7790670050728
5cbc69be7af152186c0cd5f6,Hamburguesas de Carne Vacuna Clasicas Swift 4 Un,Carnes congeladas,SWIFT,4.0 un,7790360026576
5cbc69be7af152186c0cd658,Hamburguesas de Carne Vacuna Paty Express 4 Un 276 Gr,Carnes congeladas,PATY,276.0 gr,7790670050766
5cbc69be7af152186c0cd659,Medallon de Carne Tipo Milanesa Paty 2 Un 200 Gr,Carnes congeladas,PATY,180.0 gr,7790670050957
5cbc69be7af152186c0cd5f7,Medallones de Carne Clasicos Supercongelados Swift 4 Un 276 Gr,Carnes congeladas,SWIFT,276.0 gr,7790360966841
5cbc69be7af152186c0cd654,Medallones de Carne Light sin TACC Paty 4 Un 320 Gr,Carnes congeladas,PATY,320.0 gr,7790670050629
5cbc69be7af152186c0cd557,Milanesas de Soja Calabaza Flowpack Granja del Sol 330 Gr,Otros congelados,GRANJA DEL SOL,330.0 gr,7790070031839
5cbc69be7af152186c0cd556,Milanesas de Soja Espinaca Flowpack Granja del Sol 330 Gr,Otros congelados,GRANJA DEL SOL,330.0 gr,7790070031822
5cbc69be7af152186c0cd555,Milanesas de Soja Flowpack Granja del Sol 330 Gr,Otros congelados,GRANJA DEL SOL,330.0 gr,7790070031808
5cbc69be7af152186c0cd554,Milanesas de Soja Lucchetti 4 Un 290 Gr,Otros congelados,LUCCHETTI,290.0 gr,7790070031549
5cbc69be7af152186c0cd760,Aceitunas Verdes Clasicas Doy Pack Castell 100 Gr,Conservas,CASTELL,100.0 gr,7791675350011
5cbc69be7af152186c0cd75d,Aceitunas Verdes Clasicas Doypack Castell 180 Gr,Conservas,CASTELL,180.0 gr,7791675000503
5cbc69be7af152186c0cd75e,Aceitunas Verdes Descarozadas en Doypack Castell 150 Gr,Conservas,CASTELL,150.0 gr,7791675303000
5cbc69be7af152186c0cd776,Aceitunas Verdes Descarozadas en Salmuera Nucete 150 Gr,Conservas,NUCETE,150.0 gr,7792070001102
5cbc69be7af152186c0cd775,Aceitunas Verdes Descarozadas en Salmuera Nucete 190 Gr,Conservas,NUCETE,190.0 gr,7792070001065
5cbc69be7af152186c0cd777,Aceitunas Verdes Rellenas con Morron en Salmuera Nucete 300 Gr,Conservas,NUCETE,300.0 gr,7792070001126
5cbc69be7af152186c0cd75f,Aceitunas Verdes Rellenas en Doy Pack Castell 180 Gr,Conservas,CASTELL,180.0 gr,7791675304007
5cbc69be7af152186c0cd864,Atun en Aceite Gomes Da Costa 170 Gr,Conservas,GOMES DA COSTA,170.0 gr,7891167011731
5cbc69be7af152186c0cd865,Atun en Lomitos al Natural Gomes Da Costa 170 Gr,Conservas,GOMES DA COSTA,170.0 gr,7891167011755
5cbc69be7af152186c0cd54a,Choclo Desgranado Granja Del Sol 300 Gr,Conservas,GRANJA DEL SOL,300.0 gr,7790060007967
5cbc69be7af152186c0cd650,Jardinera Arcor 300 Gr,Conservas,ARCOR,300.0 gr,7790580983307
5cbc69be7af152186c0cd494,Sardinillas en Aceite Lata Coto 81 Gr,Conservas,COTO,81.0 gr,12-1-2800000937881
5cbc69be7af152186c0cd7b4,Azucar Impalpable Dos Anclas 250 Gr,Endulzantes,DOS ANCLAS,250.0 gr,7792900092898
5cbc69be7af152186c0cd820,Azucar Light Doypack Hileret 500 Gr,Endulzantes,HILERET,500.0 gr,7794940000536
5cbc69be7af152186c0cd81f,Edulcorante con Sacarina en Sobres Hileret Clasico 100 Un,Endulzantes,HILERET,100.0 un,7794940000116
5cbc69be7af152186c0cd821,Edulcorante Liquido Hileret Clasico 250 Cc,Endulzantes,HILERET,250.0 cc,7794940000819
5cbc69be7af152186c0cd822,Edulcorante Liquido Hileret Clasico 500 Cc,Endulzantes,HILERET,500.0 cc,7794940000826
5cbc69be7af152186c0cd823,Edulcorante Liquido Hileret Sweet 400 Cc,Endulzantes,HILERET,400.0 cc,7794940000840
5cbc69be7af152186c0cd7b0,Aji Molido Dos Anclas 50 Gr,Especias,DOS ANCLAS,50.0 gr,7792900009063
5cbc69be7af152186c0cd7b2,Ajo Deshidratado Dos Anclas 25 Gr,Especias,DOS ANCLAS,25.0 gr,7792900009292
5cbc69be7af152186c0cd7b3,Canela Molida Dos Anclas 30 Gr,Especias,DOS ANCLAS,30.0 gr,7792900009346
5cbc69be7af152186c0cd5b9,Condimento para Pizza Naturalidad Intacta Alicante 50 Gr,Especias,ALICANTE,50.0 gr,7790150490457
5cbc69be7af152186c0cd7ae,Oregano Dos Anclas 25 Gr,Especias,DOS ANCLAS,25.0 gr,7792900009001
5cbc69be7af152186c0cd7af,Pimienta Blanca Molida Dos Anclas 25 Gr,Especias,DOS ANCLAS,25.0 gr,7792900009025
5cbc69be7af152186c0cd5ba,Provenzal Deshidratado Naturalidad Intacta Alicante 50 Gr,Especias,ALICANTE,50.0 gr,7790150570340
5cbc69be7af152186c0cd7a9,Sal con Hierbas en Salero Dos Anclas 200 Gr,Especias,DOS ANCLAS,200.0 gr,7792900000053
5cbc69be7af152186c0cd59d,Sal Fina en Estuche Celusal 500 Gr,Especias,CELUSAL,500.0 gr,7790072002080
5cbc69be7af152186c0cd7ab,Sal Fina en Estuche Dos Anclas 500 Gr,Especias,DOS ANCLAS,500.0 gr,7792900000138
5cbc69be7af152186c0cd59b,Sal Fina en Paquete Celusal 500 Gr,Especias,CELUSAL,500.0 gr,7790072001014
5cbc69be7af152186c0cd7ac,Sal Fina en Paquete Dos Anclas 500 Gr,Especias,DOS ANCLAS,500.0 gr,7792900000206
5cbc69be7af152186c0cd59c,Sal Fina en Salero Celusal 500 Gr,Especias,CELUSAL,500.0 gr,7790072001038
5cbc69be7af152186c0cd7b1,Sal Fina Light en Estuche Dos Anclas 500 Gr,Especias,DOS ANCLAS,500.0 gr,7792900009124
5cbc69be7af152186c0cd7dc,Sal Fina Modificada 66% Menos de Sodio Genser 300 Gr,Especias,GENSER,300.0 gr,7793433000497
5cbc69be7af152186c0cd7db,Sal Fina Modificada 66% Menos de Sodio Genser 90 Gr,Especias,GENSER,90.0 gr,7793433000480
5cbc69be7af152186c0cd7aa,Sal Gruesa en Estuche Dos Anclas 1 Kg,Especias,DOS ANCLAS,1.0 kg,7792900000121
5cbc69be7af152186c0cd6d1,Sal Gruesa en Paquete Celusal 1 Kg,Especias,CELUSAL,1.0 kg,7791004000099
5cbc69be7af152186c0cd7ad,Sal Gruesa en Paquete Dos Anclas 1 Kg,Especias,DOS ANCLAS,1.0 kg,7792900006949
5cbc69be7af152186c0cd6c8,Alfajor Chocolate Jorgito 6 Un,Golosinas,JORGITO,155.0 gr,7790957000545
5cbc69be7af152186c0cd6c9,Alfajor de Chocolate con Mousse Mini Jorgito 6 Un,Golosinas,JORGITO,6.0 un,7790957000569
5cbc69be7af152186c0cd4e4,Alfajor de Chocolate Terrabusi 6 Un 300 Gr,Golosinas,TERRABUSI,300.0 gr,7622300742584
5cbc69be7af152186c0cd638,Caramelos Butter Toffees Originales 150 Gr,Golosinas,BUTTER TOFFEES,150.0 gr,7790580151201
5cbc69be7af152186c0cd639,Caramelos Chocolate Butter Toffees 150 Gr,Golosinas,BUTTER TOFFEES,150.0 gr,7790580151300
5cbc69be7af152186c0cd634,Caramelos Masticables Sugus 150 Gr,Golosinas,SUGUS,150.0 gr,7790580060602
5cbc69be7af152186c0cd63f,Caramelos Menta Cristal Arcor 150 Gr,Golosinas,ARCOR,150.0 gr,7790580470609
5cbc69be7af152186c0cd63e,Caramelos Relleno Miel Arcor 150 Gr,Golosinas,ARCOR,150.0 gr,7790580470005
5cbc69be7af152186c0cd63d,Gomitas Anillos Mogul 250 Gr,Golosinas,ARCOR,250.0 gr,7790580436902
5cbc69be7af152186c0cd649,Gomitas Conitos Frutales Arcor 250 Gr,Golosinas,ARCOR,250.0 gr,7790580602406
5cbc69be7af152186c0cd648,Gomitas Eucalipto Mogul 250 Gr,Golosinas,MOGUL,250.0 gr,7790580602314
5cbc69be7af152186c0cd63a,Gomitas Moras Mogul 150 Gr,Golosinas,ARCOR,150.0 gr,7790580259402
5cbc69be7af152186c0cd484,Huevo de Chocolate Sorpresa Kinder 20 Gr,Golosinas,KINDER,20.0 gr,40084107
5cbc69be7af152186c0cd48e,Tableta de Chocolate Kinder Bueno 43 Gr,Golosinas,KINDER,43.0 gr,80052760
5cbc69be7af152186c0cd488,Turron Arcor 25 Gr,Golosinas,ARCOR,25.0 gr,77940131
5cbc69be7af152186c0cd63c,Turron de Mani Arcor 10 Un,Golosinas,ARCOR,10.0 un,7790580401504
5cbc69be7af152186c0cd54b,Aceite de Oliva Puro Comestible Cocinero 1 Lt,Grasas,COCINERO,1.0 lt,7790060008889
5cbc69be7af152186c0cd80c,Almidon de Maiz Maizena 215 Gr,Harinas,MAIZENA,215.0 gr,7794000599178
5cbc69be7af152186c0cd80d,Almidon de Maiz Maizena 520 Gr,Harinas,MAIZENA,520.0 gr,7794000599185
5cbc69be7af152186c0cd788,Harina con Levadura para Pan Casero Pureza 1 Kg,Harinas,PUREZA,1.0 kg,7792180004901
5cbc69be7af152186c0cd785,Harina con Levadura Pizza Pureza 1 Kg,Harinas,PUREZA,1.0 kg,7792180004567
5cbc69be7af152186c0cd782,Harina de Trigo 000 Cañuelas 1 Kg,Harinas,CAÑUELAS,1.0 kg,7792180001528
5cbc69be7af152186c0cd594,Harina de Trigo 000 con Vita Zinc Favorita 1 Kg,Harinas,FAVORITA,1.0 kg,7790070507235
5cbc69be7af152186c0cd786,Harina de Trigo 0000 Ultra Refinada Pureza 1 Kg,Harinas,PUREZA,1.0 kg,7792180004871
5cbc69be7af152186c0cd787,Harina Leudante Ultrarefinada Pureza 1 Kg,Harinas,PUREZA,1.0 kg,7792180004888
5cbc69be7af152186c0cd779,Polenta Instantanea Magica Quaker 500 Gr,Harinas,QUAKER,500.0 gr,7792170007196
5cbc69be7af152186c0cd646,Polenta Instantanea Prestopronta 750 Gr,Harinas,ARCOR,750.0 gr,7790580538002
5cbc69be7af152186c0cd64a,Polenta Instantanea Prestopronta Arcor 500 Gr,Harinas,ARCOR,500.0 gr,7790580660000
5cbc69be7af152186c0cd5b7,La Virginia Molienda Controlada en Saquitos 25 Un,Infusiones,LA VIRGINIA,25.0 un,7790150211625
5cbc69be7af152186c0cd60f,Mate Cocido en Saquitos La Tranquera 50 Un,Infusiones,LA TRANQUERA,50.0 un,7790480008773
5cbc69be7af152186c0cd5f8,Mate Cocido en Saquitos Taragui 25 Un,Infusiones,TARAGUÍ,25.0 un,7790387000849
5cbc69be7af152186c0cd5f9,Mate Cocido en Saquitos Taragui 50 Un,Infusiones,TARAGUÍ,50.0 un,7790387000856
5cbc69be7af152186c0cd78f,Te Amarillo en Saquitos Ensobrados Cachamai 20 Un,Infusiones,CACHAMAI,20.0 un,7792280000339
5cbc69be7af152186c0cd602,Te Boldo en Saquitos Ensobrado Hierbas Silvestre Taragui 25 Un,Infusiones,TARAGUÍ,25.0 un,7790387711837
5cbc69be7af152186c0cd5fa,Te en Saquitos Filtro Especial Taragui 25 Un,Infusiones,TARAGUÍ,25.0 un,7790387010305
5cbc69be7af152186c0cd5fb,Te en Saquitos Filtro Especial Taragui 50 Un,Infusiones,TARAGUÍ,50.0 un,7790387010312
5cbc69be7af152186c0cd60d,Te en Saquitos Green Hills 25 Un,Infusiones,GREEN HILLS,25.0 un,7790480008254
5cbc69be7af152186c0cd60e,Te en Saquitos Green Hills 50 Un,Infusiones,GREEN HILLS,50.0 un,7790480008261
5cbc69be7af152186c0cd5b8,Te en Saquitos Mezcla de Hierbas La Virginia 25 Un,Infusiones,LA VIRGINIA,25.0 un,7790150360200
5cbc69be7af152186c0cd610,Te Verde en Saquitos Green Hills 25 Un,Infusiones,GREEN HILLS,25.0 un,7790480089307
5cbc69be7af152186c0cd5fc,Yerba Mate Bajo Contenido de Polvo Metalizado Union 500 Gr,Infusiones,UNIÓN,500.0 gr,7790387014167
5cbc69be7af152186c0cd79c,Yerba Mate Campo Amanda 1 Kg,Infusiones,AMANDA,1.0 kg,7792710000243
5cbc69be7af152186c0cd5ff,Yerba Mate Campo Origen Controlado La Merced 500 Gr,Infusiones,LA MERCED,500.0 gr,7790387015508
5cbc69be7af152186c0cd65e,Yerba Mate con Hierbas Serranas Cbse 1 Kg,Infusiones,CBSE,1.0 kg,7790710000126
5cbc69be7af152186c0cd65d,Yerba Mate con Hierbas Serranas Cbse 500 Gr,Infusiones,CBSE,500.0 gr,7790710000102
5cbc69be7af152186c0cd591,Yerba Mate con Palo Ecopack Cruz de Malta 1 Kg,Infusiones,CRUZ DE MALTA,1.0 kg,7790070507105
5cbc69be7af152186c0cd590,Yerba Mate con Palo Ecopack Cruz de Malta 500 Gr,Infusiones,CRUZ DE MALTA,500.0 gr,7790070507099
5cbc69be7af152186c0cd593,Yerba Mate con Palo Ecopack Nobleza Gaucha 1 Kg,Infusiones,NOBLEZA GAUCHA,1.0 kg,7790070507129
5cbc69be7af152186c0cd592,Yerba Mate con Palo Ecopack Nobleza Gaucha 500 Gr,Infusiones,NOBLEZA GAUCHA,500.0 gr,7790070507112
5cbc69be7af152186c0cd65f,Yerba Mate con Palo Naranja Calidad Certificada Cbse 500 Gr,Infusiones,CBSE,500.0 gr,7790710000140
5cbc69be7af152186c0cd600,Yerba Mate con Palo Origen Controlado Taragui 1 Kg,Infusiones,TARAGUÍ,1.0 kg,7790387113310
5cbc69be7af152186c0cd601,Yerba Mate con Palo Origen Controlado Taragui 500 Gr,Infusiones,TARAGUÍ,500.0 gr,7790387113327
5cbc69be7af152186c0cd7e9,Yerba Mate con Palo Playadito 1 Kg,Infusiones,PLAYADITO,1.0 kg,7793704000225
5cbc69be7af152186c0cd7ea,Yerba Mate con Palo Playadito 500 Gr,Infusiones,PLAYADITO,500.0 gr,7793704000232
5cbc69be7af152186c0cd60b,Yerba Mate con Palo Trilam La Tranquera 1 Kg,Infusiones,LA TRANQUERA,1.0 kg,7790480000388
5cbc69be7af152186c0cd60a,Yerba Mate con Palo Trilam La Tranquera 500 Gr,Infusiones,LA TRANQUERA,500.0 gr,7790480000371
5cbc69be7af152186c0cd5fd,Yerba Mate Suave Origen Controlado Union 1 Kg,Infusiones,UNIÓN,1.0 kg,7790387014310
5cbc69be7af152186c0cd5fe,Yerba Mate Suave Origen Controlado Union 500 Gr,Infusiones,UNIÓN,500.0 gr,7790387014327
5cbc69be7af152186c0cd5ac,Yogur con Cereales Descremado Sancor Yogs 162 Gr,Yogur,YOGS,162.0 gr,7790080067910
5cbc69be7af152186c0cd74d,Yogur Descremado Batido Calcio Frutilla Vitamina Ser Pack 2 Un 120 Gr,Yogur,SER,240.0 gr,7791337990128
5cbc69be7af152186c0cd74e,Yogur Descremado Batido Durazno Calcio Ser Pack 2 Un 120 Gr,Yogur,SER,240.0 gr,7791337990142
5cbc69be7af152186c0cd751,Yogur Descremado con Cereales y Miel Ser 165 Gr,Yogur,SER,165.0 gr,7791337993235
5cbc69be7af152186c0cd734,Yogur Descremado con Colchon de Frutas Arandano Granada Ser 175 Gr,Yogur,SER,175.0 gr,7791337102415
5cbc69be7af152186c0cd7f2,Yogur Descremado con Colchon de Frutas Frutilla Ser 175 Gr,Yogur,SER,175.0 gr,7793940102882
5cbc69be7af152186c0cd746,Yogur Descremado Firme Frutilla Ser 195 Gr,Yogur,SER,195.0 gr,7791337910423
5cbc69be7af152186c0cd745,Yogur Descremado Firme Vainilla Ser 195 Gr,Yogur,SER,195.0 gr,7791337910416
5cbc69be7af152186c0cd73e,Yogur Entero Cereales Yogurisimo 166 Gr,Yogur,YOGURÍSIMO,166.0 gr,7791337613027
5cbc69be7af152186c0cd743,Yogur Entero Firme Frutilla Yogurisimo 190 Gr,Yogur,YOGURÍSIMO,190.0 gr,7791337651227
5cbc69be7af152186c0cd5ab,Yogur Entero Firme Multinutrientes Vainilla Sancor Yogs 190 Gr,Yogur,YOGS,190.0 gr,7790080065169
5cbc69be7af152186c0cd73c,Yogur Entero Firme Vainilla Yogurisimo 190 Gr,Yogur,YOGURÍSIMO,190.0 gr,7791337601215
5cbc69be7af152186c0cd5aa,Yogur Entero Multivitamina Natural Sancor Yogs 190 Gr,Yogur,YOGS,190.0 gr,7790080065145
5cbc69be7af152186c0cd733,Yogur Frutilla Danonino Pack 2 Un 161 Gr,Yogur,DANONINO,161.0 gr,7791337094024
5cbc69be7af152186c0cd732,Yogur Vainilla Danonino Pack 2 Un 161 Gr,Yogur,DANONINO,161.0 gr,7791337094017
5cbc69be7af152186c0cd585,Risotto 4 Quesos Gallo 200 Gr,Arroz,GALLO,200.0 gr,7790070411754
5cbc69be7af152186c0cd868,Crema de Avellana con Cacao Nutella 140 Gr,,NUTELLA,140.0 gr,7898024395232